{"cameraMode":{"drawMode":0,"name":"Shaded","section":"Shading Mode"},"sceneLighting":false,"audioPlay":false,"sceneViewState":{"showFog":true,"showMaterialUpdate":false,"showSkybox":false,"showFlares":true,"showImageEffects":true,"showParticleSystems":true},"in2DMode":false,"pivot":{"x":8.780826568603516,"y":9.862174034118653,"z":-0.3602481484413147},"rotation":{"x":-0.1624104380607605,"y":-0.2049906998872757,"z":0.03451509773731232,"w":-0.964577853679657},"size":4.506382942199707,"orthographic":false}